Frames,Type,RMS,Range,Direction,X,Y,Z
Frame 1,M,,3422.001,,-1147.792,-201.101,-3217.488
Frame 1,M,,5341.55,,-1646.428,699.465,-5033.109
Frame 1,M,,6666.498,,-853.651,-108.584,-6610.725
Frame 1,M,,6202.443,,89.639,1333.911,-6056.645
Frame 1,M,,4498.123,,1108.45,-14.577,-4359.385
Frame 1,M,,8355.234,,-676.694,-842.931,-8285.016
Frame 1,F,,5761.645,,-1999.226,-14.246,-5403.651
Frame 1,F,,4597.339,,-1720.093,-777.746,-4191.887
Frame 1,F,,5045.149,,-1216.035,-794.388,-4831.535
Frame 1,F,,5084.919,,-1128.715,-430.959,-4939.3
Frame 1,F,,5200.768,,-942.322,-993.425,-5017.282
Frame 1,F,,4481.449,,-941.673,-608.427,-4338.946
Frame 1,F,,7911.279,,-764.289,-901.315,-7822.521
Frame 1,F,,5317.158,,292.785,-849.564,-5240.677
Frame 1,F,,5895.677,,1079.19,-1045.236,-5701.038
Frame 1,F,,4746.286,,309.25,-465.221,-4713.296
Frame 1,F,,4120.136,,996.704,-518.324,-3964.018
Frame 1,F,,4241.38,,-241.17,702.189,-4175.891
Frame 1,M,,6838.633,,-69.332,-831.625,-6787.525
Frame 2,M,,6946.071,,-2495.922,768.215,-6436.468
Frame 2,M,,6694.072,,-2189.589,684.936,-6288.653
Frame 2,M,,5357.418,,193.847,-1210.53,-5215.263
Frame 2,M,,6239.373,,-988.059,196.378,-6157.512
Frame 2,M,,7628.989,,-720.332,-232.559,-7591.345
Frame 2,M,,6695.507,,627.176,-709.002,-6628.256
Frame 2,M,,6470.704,,1380.835,-725.42,-6279.895
Frame 2,M,,5411.748,,1469.916,9.92,-5208.288
Frame 2,M,,7098.827,,-146.014,150.146,-7095.737
Frame 2,M,,7554.364,,-1249.228,1430.011,-7311.834
Frame 2,M,,8769.187,,-1315.604,1571.61,-8526.305
Frame 2,M,,7179.622,,441.68,1297.695,-7047.545
Frame 2,M,,8705.464,,1812.728,161.441,-8513.111
Frame 2,M,,9018.521,,-1792.906,572.623,-8819.938
Frame 2,M,,9280.584,,-1588.821,777.838,-9110.425
Frame 2,F,,8109.363,,2057.388,-425.348,-7832.497
Frame 2,F,,6810.166,,-372.308,1154.242,-6701.304
Frame 2,M,,7214.3,,-80.607,392.622,-7203.158
Frame 2,F,,5708.157,,-749.36,-1272.241,-5513.885
Frame 2,F,,6640.921,,-116.773,-694.687,-6603.454
Frame 2,F,,5754.9,,-411.897,-562.55,-5712.508
Frame 2,M,,6127.411,,-571.542,-835.859,-6043.165
Frame 2,F,,6446.148,,-681.711,-1152.151,-6305.604
Frame 2,F,,6351.19,,-661.854,-988.475,-6238.789
Frame 2,F,,5147.549,,-820.838,-782.378,-5021.092
Frame 2,F,,5963.285,,-902.371,-1026.723,-5804.51
Frame 2,M,,7802.088,,-292.8,-1014.088,-7730.36
Frame 2,F,,7238.955,,-515.245,-803.121,-7175.792
Frame 2,F,,6865.776,,-792.965,-484.112,-6802.626
Frame 2,F,,6437.565,,-462.544,-520.198,-6399.82
Frame 2,F,,6579.087,,-1120.295,-472.028,-6465.796
Frame 2,F,,4989.767,,-1150.496,-875.13,-4775.801
Frame 2,F,,5481.564,,-1595.018,-1064.007,-5135.305
Frame 2,F,,5650.216,,-1366.544,-725.359,-5434.276
Frame 2,F,,6333.963,,-1325.006,-312.398,-6185.94
Frame 2,F,,6537.305,,-1692.453,-415.159,-6300.762
Frame 2,F,,7439.828,,-2232.971,115.7,-7095.879
Frame 2,F,,6962.337,,-2299.405,378.59,-6560.758
Frame 2,G,,9482.419,,-3129.883,414.658,-8941.373
Frame 2,G,,8803.793,,-3041.092,133.59,-8260.792
Frame 2,G,,8582.691,,-3075.541,-127.239,-8011.707
Frame 2,G,,7671.665,,-2768.087,-299.605,-7148.592
Frame 2,G,,7498.086,,-2727.441,-475.787,-6968.212
Frame 2,G,,7372.561,,-2739.569,-644.767,-6814.227
Frame 2,G,,6572.466,,-2534.064,-761.917,-6016.254
Frame 2,G,,6250.9,,-2369.564,-947.985,-5706.158
Frame 2,G,,6291.272,,-2460.63,-1089.027,-5686.777
Frame 2,G,,6064.275,,-2302.155,-1180.904,-5484.613
Frame 2,G,,6236.934,,-2146.01,-1308.927,-5707.95
Frame 2,G,,6446.374,,-2218.012,-1172.658,-5938.101
Frame 2,G,,6441.472,,-2193.386,-977.731,-5977.095
Frame 2,G,,6192.292,,-1863.521,-1309.541,-5758.2
Frame 2,G,,6173.983,,-1868.088,-1155.279,-5770.065
Frame 2,G,,6361.431,,-1966.649,-1029.938,-5961.487
Frame 2,G,,6666.7,,-2104.841,-881.957,-6263.92
Frame 2,G,,6985.193,,-2345.481,-776.913,-6533.609
Frame 2,G,,7352.108,,-2305.014,-759.922,-6939.951
Frame 2,G,,7454.65,,-2247.606,-577.457,-7084.252
Frame 2,G,,7649.969,,-2248.647,-404.694,-7300.811
Frame 2,G,,8051.197,,-2445.985,-67.494,-7670.357
Frame 2,G,,9338.398,,-3105.997,-240.377,-8803.447
Frame 2,G,,8333.107,,-2352.74,191.238,-7991.79
Frame 2,G,,7918.417,,-1652.667,417.471,-7732.77
Frame 2,G,,8907.007,,-2153.011,407.019,-8633.287
Frame 2,G,,7856.867,,-2047.5,157.816,-7583.745
Frame 2,G,,7582.805,,-1876.991,-12.506,-7346.814
Frame 2,G,,7450.268,,-1949.235,-250.61,-7186.387
Frame 2,G,,7496.667,,-1887.873,-585.252,-7231.42
Frame 2,G,,6057.044,,-1685.631,-1275.248,-5676.282
Frame 2,G,,6051.354,,-1485.492,-1378.112,-5702.018
Frame 2,G,,5970.003,,-1381.472,-1356.61,-5647.307
Frame 2,G,,6115.309,,-1274.964,-1249.123,-5849.031
Frame 2,G,,6814.988,,-1344.43,-1164.199,-6578.845
Frame 2,G,,7699.189,,-1159.062,-1152.769,-7523.643
Frame 2,G,,6823.397,,-720.596,-830.406,-6734.235
Frame 2,G,,7082.17,,-654.534,-780.297,-7008.555
Frame 2,G,,7701.636,,-913.355,-423.511,-7635.549
Frame 2,G,,7159.266,,-1436.751,-761.276,-6972.18
Frame 2,G,,6973.278,,-1417.65,-849.406,-6774.613
Frame 2,G,,7572.708,,-1439.3,-448.557,-7421.126
Frame 2,G,,6364.05,,-618.093,-1407.561,-6175.586
Frame 2,G,,5987.644,,-972.795,-1385.65,-5743.303
Frame 2,G,,6288.233,,-283.571,-1430.992,-6116.675
Frame 2,G,,6209.231,,-279.299,-1319.307,-6061.021
Frame 2,G,,6484.644,,-158.743,-1237.77,-6363.437
Frame 2,G,,7153.876,,-316.411,-1291.494,-7029.215
Frame 2,G,,7969.426,,-283.61,-1043.007,-7895.787
Frame 2,G,,7116.739,,402.838,-1166.688,-7008.89
Frame 2,G,,7351.204,,450.834,-1060.773,-7260.283
Frame 2,G,,7166.637,,487.377,-892.049,-7094.181
Frame 2,G,,7305.296,,725.202,-1132.093,-7180.515
Frame 2,G,,7184.609,,822.452,-1161.458,-7042.244
Frame 2,G,,6621.301,,892.423,-1405.887,-6408.486
Frame 2,G,,7563.054,,-400.183,-590.429,-7529.345
Frame 2,G,,7785.17,,-280.895,-523.178,-7762.49
Frame 2,G,,6528.43,,-1019.652,-313.88,-6440.666
Frame 2,G,,7714.927,,-1561.101,-220.117,-7552.127
Frame 2,G,,7479.484,,-1540.418,222.231,-7315.764
Frame 2,G,,8411.846,,-3162.174,129.614,-7793.78
Frame 2,G,,7631.139,,-1019.051,-191.143,-7560.376
Frame 2,G,,7573.954,,-1451.467,-32.981,-7433.501
Frame 2,G,,7068.314,,-1988.775,-943.527,-6716.815
Frame 2,G,,7402.311,,-1928.604,-822.291,-7099.192
Frame 2,G,,7329.728,,-56.315,-610.208,-7304.067
Frame 2,G,,7222.858,,186.139,-669.838,-7189.322
Frame 2,G,,6812.957,,631.913,-1369.49,-6643.912
Frame 2,G,,8993.127,,1641.689,-1329.52,-8741.485
Frame 2,G,,7884.092,,1355.902,-1462.886,-7627.608
Frame 2,G,,8492.474,,2410.739,-1488.909,-8005.848
Frame 2,G,,7903.857,,2147.379,-1236.929,-7505.313
Frame 2,G,,8586.082,,1129.976,-543.792,-8494.013
Frame 2,G,,7784.349,,999.749,-130.062,-7718.787
Frame 2,G,,10247.791,,-2737.164,631.227,-9855.288
Frame 2,G,,7357.098,,-2578.024,-459.12,-6875.31
Frame 2,G,,7498.935,,-1826.218,-726.893,-7236.752
Frame 2,G,,9179.147,,-2068.27,-1516.961,-8813.503
Frame 2,G,,6268.908,,-1978.523,-1207.68,-5824.617
Frame 2,G,,6001.555,,-1953.161,-1306.95,-5522.292
Frame 2,G,,8264.767,,-414.653,-263.559,-8250.15
Frame 2,G,,7970.4,,-211.655,-92.558,-7967.051
Frame 2,G,,7190.122,,-63.98,-148.799,-7188.297
Frame 2,G,,6855.718,,733.592,-1207.713,-6708.512
Frame 2,G,,7738.931,,1124.198,-1252.531,-7553.701
Frame 2,G,,9446.081,,2063.601,-1255.636,-9131.998
Frame 2,G,,10056.139,,2719.273,-1302.532,-9593.482
Frame 2,G,,7728.873,,276.49,-196.227,-7721.433
Frame 2,G,,7853.778,,402.046,-193.729,-7841.088
Frame 2,G,,8031.59,,994.615,177.706,-7967.785
Frame 2,G,,7890.339,,195.543,67.241,-7887.629
Frame 2,G,,7607.519,,34.559,-37.222,-7607.349
Frame 2,G,,7734.668,,-7.419,414.2,-7723.566
Frame 2,G,,8460.959,,-280.625,520.315,-8440.281
Frame 2,G,,8663.651,,-672.341,236.71,-8634.279
Frame 2,G,,9337.215,,-1064.655,477.731,-9264.009
Frame 2,G,,8696.359,,523.34,255.068,-8676.849
Frame 2,G,,8347.051,,-705.588,-334.458,-8310.448
Frame 2,G,,7769.343,,-515.518,-438.376,-7739.816
Frame 2,G,,6634.123,,1308.985,-1404.846,-6350.162
Frame 2,G,,7635.16,,693.401,-98.909,-7602.965
Frame 17,G,,7462.411,,2167.448,-850.545,-7089.874
Frame 17,G,,7476.314,,1828.693,-1424.587,-7107.862
Frame 17,G,,7008.367,,1253.497,-1429.469,-6745.559
Frame 17,G,,7660.893,,1162.99,-1305.461,-7458.72
Frame 17,G,,6404.985,,724.133,-1242.449,-6241.457
Frame 17,G,,6927.277,,-360.616,-1213.269,-6810.661
Frame 17,G,,6657.384,,214.654,-1301.947,-6525.307
Frame 17,G,,7122.686,,-63.205,-759.708,-7081.773
Frame 17,G,,6439.769,,-783.184,-1416.971,-6232.932
Frame 17,G,,7153.306,,-1251.137,-1120.578,-6953.326
Frame 17,G,,7225.333,,-675.712,-663.975,-7162.959
Frame 17,G,,7607.485,,-646.347,-363.628,-7571.25
Frame 17,G,,7340.178,,-1550.346,-428.747,-7161.761
Frame 17,G,,6706.489,,-1572.133,-939.35,-6451.59
Frame 17,G,,6709.326,,-1783.832,-1380.395,-6318.822
Frame 17,G,,6922.065,,-2067.218,-834.505,-6553.258
Frame 17,G,,6959.382,,-839.541,-475.498,-6892.174
Frame 17,G,,7779.247,,-1716.208,260.92,-7583.089
Frame 17,G,,7632.109,,-1516.804,-72.264,-7479.516
Frame 17,G,,10157.803,,-1366.876,898.451,-10025.238
Frame 17,G,,7964.496,,-2628.334,25.187,-7518.273
Frame 17,G,,8492.093,,-2296.579,744.666,-8141.673
Frame 17,G,,7271.452,,1084.361,-822.707,-7142.922
Frame 17,G,,7033.375,,638.169,-1001.883,-6932.34
Frame 17,M,,3850.712,,1155.121,-593.185,-3625.163
Frame 17,M,,4492.784,,160.387,-703.364,-4434.486
Frame 17,M,,5633.747,,1044.173,-838.608,-5472.252
Frame 17,M,,8353.943,,2378.143,1288.889,-7903.896
Frame 17,M,,4729.924,,1014.151,753.842,-4558.004
Frame 17,M,,5513.292,,322.631,502.494,-5480.857
Frame 17,M,,7175.177,,-475.486,1520.764,-6996.025
Frame 17,M,,8037.743,,-687.833,1661.005,-7834.109
Frame 17,M,,8300.076,,-976.649,1682.582,-8068.849
Frame 17,M,,6481.224,,-2119.312,636.277,-6091.792
Frame 17,M,,7551.997,,-813.956,-216.997,-7504.868
Frame 17,M,,7022.858,,-2006.724,-370.619,-6719.839
Frame 17,M,,7420.465,,733.651,-164.391,-7382.278
Frame 17,M,,7633.681,,-9.567,78.934,-7633.267
Frame 17,M,,5189.257,,-2039.227,-382.709,-4756.414
Frame 17,M,,6669.05,,-286.321,-152.351,-6661.158
Frame 3,F,,5628.705,,1803.931,-593.371,-5298.685
Frame 3,F,,4988.625,,1427.8,-106.009,-4778.758
Frame 3,F,,4883.904,,503.139,-773.412,-4795.957
Frame 3,F,,5985.124,,-111.388,-358.841,-5973.319
Frame 3,F,,5930.45,,-831.198,-1144.407,-5759.313
Frame 3,F,,6108.443,,-686.06,-693.457,-6030.051
Frame 3,F,,5676.926,,-1503.769,-785.102,-5417.544
Frame 3,F,,7213.718,,-1216.904,-533.444,-7090.297
Frame 3,F,,7596.226,,-1700.487,-507.432,-7386.035
Frame 3,F,,4935.783,,-1804.693,-786.173,-4526.253
Frame 3,F,,6180.7,,-2386.752,-783.902,-5647.119
Frame 3,F,,7394.871,,-2621.774,309.778,-6907.565
Frame 3,F,,6881.268,,-2550.712,41.384,-6390.931
Frame 3,F,,7370.389,,-2800.884,174.768,-6815.214
Frame 3,F,,7725.55,,-2666.28,95.632,-7250.236
Frame 3,M,,3841.64,,1223.854,-441.409,-3614.628
Frame 3,M,,5729.526,,1208.404,-536.145,-5574.924
Frame 3,M,,5589.374,,374.133,869.334,-5508.664
Frame 3,M,,4883.803,,985.595,1018.425,-4673.643
Frame 3,M,,7663.937,,852.839,95.707,-7615.736
Frame 3,M,,7302.189,,-59.433,115.558,-7301.033
Frame 3,M,,7489.961,,-415.363,-79.895,-7478.008
Frame 3,M,,7005.574,,-396.867,1617.24,-6804.785
Frame 3,M,,7786.342,,-1184.936,1654.026,-7515.8
Frame 3,M,,6873.375,,-2570.915,857.527,-6316.513
Frame 3,M,,4443.927,,192.766,-532.443,-4407.701
Frame 3,M,,7541.49,,-1196.012,23.091,-7446.012
Frame 3,M,,7043.052,,-2221.524,-316.894,-6676.001
Frame 3,M,,8001.31,,67.971,1120.453,-7922.179
Frame 3,M,,7217.086,,1464.947,1174.581,-6968.545
Frame 3,M,,4930.146,,-1833.83,-284.939,-4567.518
Frame 3,G,,6699.342,,-2094.455,-1225.074,-6244.488
Frame 3,G,,6775.716,,-1837.984,-1108.715,-6426.732
Frame 3,G,,6464.657,,-1792.512,-1267.287,-6080.516
Frame 3,G,,6586.204,,-1684.308,-1212.498,-6250.683
Frame 3,G,,6516.368,,-1918.069,-1440.254,-6058.856
Frame 3,G,,6588.049,,-1467.64,-1304.75,-6288.565
Frame 3,G,,6632.24,,-1259.378,-1219.348,-6396.387
Frame 3,G,,6702.443,,-1364.412,-1204.324,-6450.638
Frame 3,G,,6811.654,,-2396.51,-1425.121,-6214.854
Frame 3,G,,7116.558,,-2322.105,-863.954,-6671.342
Frame 3,G,,7053.366,,-2150.072,-743.248,-6676.433
Frame 3,G,,7110.171,,-2311.705,-593.915,-6697.598
Frame 3,G,,7089.238,,-2168.109,-539.474,-6727.969
Frame 3,G,,6767.733,,-1682.763,-979.809,-6481.55
Frame 3,G,,6937.566,,-1624.603,-796.005,-6697.526
Frame 3,G,,6747.64,,-1614.312,-586.237,-6525.409
Frame 3,G,,7962.816,,-2194.853,-418.425,-7642.903
Frame 3,G,,7445.694,,-1646.417,-467.446,-7246.321
Frame 3,G,,7228.771,,-1410.912,-706.031,-7054.5
Frame 3,G,,7055.773,,-1224.444,-873.799,-6893.558
Frame 3,G,,7136.257,,-1167.237,-794.825,-6995.139
Frame 3,G,,7022.744,,-957.303,-937.509,-6893.735
Frame 3,G,,6598.957,,-959.485,-1344.353,-6388.923
Frame 3,G,,6522.247,,-749.36,-1296.414,-6348.029
Frame 3,G,,6556.035,,-747.348,-1205.217,-6400.822
Frame 3,G,,6406.844,,-338.435,-1342.954,-6255.364
Frame 3,G,,6445.401,,-280.332,-1279.353,-6310.932
Frame 3,G,,6438.441,,-130.271,-1486.039,-6263.245
Frame 3,G,,6627.693,,50.644,-1447.451,-6467.506
Frame 3,G,,6693.394,,-107.64,-1392.482,-6546.062
Frame 3,G,,6582.117,,286.862,-1460.949,-6411.521
Frame 3,G,,6657.505,,389.061,-1433.101,-6489.778
Frame 3,G,,6741.563,,114.238,-1228.709,-6627.661
Frame 3,G,,7139.821,,-354.231,-1063.902,-7051.218
Frame 3,G,,6685.318,,241.072,-1100.932,-6589.637
Frame 3,G,,6578.153,,150.714,-1069.618,-6488.86
Frame 3,G,,6761.312,,-22.083,-942.311,-6695.29
Frame 3,G,,6952.287,,87.929,-661.605,-6920.176
Frame 3,G,,6817.063,,-231.852,-472.64,-6796.705
Frame 3,G,,6965.67,,-518.637,-928.54,-6883.995
Frame 3,G,,7273.29,,-580.077,-741.931,-7212.059
Frame 3,G,,7299.425,,-635.465,-506.398,-7254.058
Frame 3,G,,7253.664,,-694.789,-298.496,-7214.139
Frame 3,G,,7045.005,,-1117.684,-221.506,-6952.252
Frame 3,G,,7259.479,,-1346.94,-259.398,-7128.71
Frame 3,G,,7305.057,,-1522.723,-183.867,-7142.224
Frame 3,G,,7721.44,,-1841.57,-313.008,-7492.082
Frame 3,G,,7745.054,,-1942.407,-458.293,-7483.508
Frame 3,G,,7810.26,,-1919.057,-115.327,-7569.945
Frame 3,G,,7890.897,,-2314.922,18.17,-7543.677
Frame 3,G,,7589.29,,-1671.602,172.027,-7400.91
Frame 3,G,,8260.828,,-2596.074,49.716,-7842.143
Frame 3,G,,7386.673,,-2624.084,-133.131,-6903.579
Frame 3,G,,7263.7,,-2464.006,-290.334,-6826.838
Frame 3,G,,7639.548,,-2651.354,-32.765,-7164.631
Frame 3,G,,7229.032,,-2747.355,-296.979,-6680.026
Frame 3,G,,7512.687,,-2953.918,-50.051,-6907.411
Frame 3,G,,7484.255,,-1417.501,246.469,-7344.659
Frame 3,G,,7928.179,,-1524.096,753.569,-7743.726
Frame 3,G,,7484.686,,-966.907,612.201,-7396.676
Frame 3,G,,7475.926,,-630.167,-124.918,-7448.271
Frame 3,G,,6508.277,,607.58,-1393.849,-6328.167
Frame 3,G,,6618.415,,688.463,-1255.003,-6461.765
Frame 3,G,,6841.2,,857.271,-899.639,-6727.388
Frame 3,G,,6790.627,,657.657,-758.769,-6715.979
Frame 3,G,,6691.507,,1088.477,-1296.058,-6473.926
Frame 3,G,,7075.863,,1060.178,-984.85,-6926.322
Frame 3,G,,6913.532,,1562.055,-1312.948,-6605.534
Frame 3,G,,7449.093,,2113.794,-580.707,-7119.245
Frame 3,G,,7708.401,,2250.021,-462.153,-7358.211
Frame 3,G,,7835.483,,2386.069,-538.113,-7443.917
Frame 3,G,,7855.446,,2246.819,-289.122,-7521.718
Frame 3,G,,7821.561,,1122.704,-689.181,-7709.823
Frame 3,G,,8316.628,,1084.022,-401.123,-8235.915
Frame 3,G,,9390.788,,1563.113,-47.385,-9259.662
Frame 3,G,,7655.765,,1852.192,-233.123,-7424.673
Frame 3,G,,8158.848,,1895.944,-33.401,-7935.432
Frame 3,G,,8708.578,,-190.217,-79.818,-8706.134
Frame 3,G,,8371.211,,499.872,-399.099,-8346.737
Frame 3,G,,12399.632,,3399.517,314.039,-11920.383
Frame 3,G,,7821.384,,-694.013,597.159,-7767.612
Frame 3,G,,7309.807,,-1164.431,-503.082,-7198.908
Frame 3,G,,7108.117,,-2742.91,-1183.316,-6449.925
Frame 3,G,,7703.545,,-1919.263,427.62,-7448.368
Frame 3,G,,8206.85,,-2567.951,404.763,-7784.227
Frame 3,G,,8023.369,,-2272.188,700.755,-7662.934
Frame 3,G,,7409.116,,-1001.591,912.768,-7284.139
Frame 14,M,,7071.892,,1982.044,-207.926,-6785.273
Frame 14,M,,6504.952,,1342.285,-230.261,-6360.79
Frame 14,M,,8593.674,,1863.1,-845.832,-8346.536
Frame 14,M,,7629.621,,1013.772,-1244.065,-7458.933
Frame 14,M,,4289.52,,-216.133,-1004.839,-4164.561
Frame 14,M,,8099.935,,1047.648,-455.99,-8018.943
Frame 14,M,,7247.944,,646.318,-670.308,-7187.882
Frame 14,M,,5086.479,,9.383,-376.376,-5072.526
Frame 14,M,,7151.13,,197.426,-240.202,-7144.367
Frame 14,M,,7999.984,,716.674,249.852,-7963.9
Frame 14,M,,5571.223,,-123.452,822.433,-5508.801
Frame 14,M,,6289.005,,-100.541,841.146,-6231.689
Frame 14,M,,6330.709,,1995.398,327.555,-5999.081
Frame 14,M,,4963.292,,652.019,419.98,-4902.321
Frame 14,M,,7644.584,,-760.031,135.103,-7605.509
Frame 14,M,,6373.234,,-1686.229,748.311,-6100.391
Frame 14,M,,6547.18,,-1898.14,19.037,-6265.961
Frame 14,M,,5549.472,,-1906.643,-350.599,-5199.849
Frame 15,M,,6457.428,,1974.417,-1226.86,-6024.522
Frame 15,M,,6626.855,,1899.271,-64.495,-6348.529
Frame 15,M,,7011.034,,472.168,762.008,-6953.488
Frame 15,M,,5756.493,,-310.072,1024.599,-5656.082
Frame 15,M,,8042.444,,-791.919,1161.403,-7918.643
Frame 15,M,,7974.349,,-1351.331,747.817,-7823.357
Frame 15,M,,7229.873,,-1424.1,543.225,-7067.384
Frame 15,M,,8620.493,,1045.624,-62.386,-8556.616
Frame 15,M,,6066.922,,-1513.528,234.412,-5870.42
Frame 15,M,,7175.663,,-1384.395,-401.98,-7029.367
Frame 15,M,,6699.593,,-1069.817,-1058.342,-6528.396
Frame 15,M,,6862.918,,-2004.506,-16.109,-6563.638
Frame 15,M,,7289.969,,-2716.453,1462.229,-6605.03
Frame 15,M,,9834.033,,-668.309,-962.391,-9763.984
Frame 15,M,,5644.342,,1481.903,409.838,-5430.892
Frame 15,M,,6778.204,,1427.953,1155.719,-6524.516
Frame 18,G,,7500.573,,-2588.457,-218.678,-7036.381
Frame 18,G,,7273.646,,-2161.238,-1348.628,-6812.942
Frame 18,G,,7175.317,,-1742.659,-1620.907,-6769.12
Frame 18,G,,7248.528,,-2678.88,-1528.414,-6559.628
Frame 18,G,,7240.635,,-2841.874,-813.256,-6609.778
Frame 18,G,,7199.314,,-1839.595,-1016.73,-6885.658
Frame 18,G,,7433.458,,-2199.539,-688.903,-7067.088
Frame 18,G,,7089.526,,-2381.214,-856.731,-6622.478
Frame 18,G,,7564.579,,-2894.106,216.897,-6985.697
Frame 18,G,,7642.549,,-2049.787,9.903,-7362.528
Frame 18,G,,8144.165,,-2347.885,601.858,-7775.129
Frame 18,G,,8851.471,,-2683.529,1288.099,-8335.947
Frame 18,G,,8298.555,,-1928.231,1353.059,-7957.209
Frame 18,G,,8382.581,,-1869.8,691.582,-8142.065
Frame 18,G,,7491.634,,-1561.659,71.492,-7326.711
Frame 18,G,,7411.743,,-1033.338,388.134,-7329.085
Frame 18,G,,8277.169,,-1528.11,-593.699,-8113.195
Frame 18,G,,7972.644,,-876.635,-821.624,-7881.592
Frame 18,G,,7227.142,,-1236.72,-1674.373,-6920.88
Frame 18,G,,7079.122,,-531.332,-1593.865,-6876.863
Frame 18,G,,8311.544,,-523.713,-1332.075,-8187.372
Frame 18,G,,7245.854,,-1485.892,-1192.311,-6990.916
Frame 18,G,,7830.204,,-1094.362,-1182.627,-7662.627
Frame 18,G,,8502.95,,-1137.77,-222.107,-8423.557
Frame 18,G,,7853.937,,-1203.726,1147.426,-7675.857
Frame 18,G,,8941.615,,-1120.918,1822.219,-8681.909
Frame 18,G,,7814.067,,-558.124,962.206,-7734.487
Frame 18,G,,8468.292,,-294.443,472.369,-8449.979
Frame 18,G,,7886.252,,108.193,-1547.929,-7732.088
Frame 18,G,,8136.56,,551.696,-1145.97,-8036.541
Frame 18,G,,10221.31,,-239.411,1657.255,-10083.222
Frame 18,G,,10631.256,,39.793,1114.373,-10572.615
Frame 18,G,,8437.122,,-311.583,-678.949,-8403.985
Frame 18,G,,8822.55,,-404.925,-75.851,-8812.927
Frame 18,G,,8121.562,,744.308,-626.101,-8063.111
Frame 18,G,,10410.966,,829.868,-310.378,-10373.196
Frame 18,G,,8142.301,,788.61,-1473.644,-7968.91
Frame 18,G,,8131.631,,-2875.772,699.275,-7573.927
Frame 18,M,,6544.965,,882.667,1281.609,-6357.275
Frame 18,M,,6470.366,,1533.977,376.297,-6274.628
Frame 18,M,,6969.038,,718.051,899.994,-6873.274
Frame 18,M,,7678.342,,904.593,314.6,-7618.377
Frame 18,M,,5746.461,,563.635,430.159,-5702.552
Frame 18,M,,8083.913,,1584.179,-679.905,-7897.959
Frame 18,M,,7258.788,,1279.34,-1475.229,-6991.208
Frame 18,M,,6248.964,,62.301,-1356.913,-6099.545
Frame 18,M,,7424.008,,-322.742,-840.056,-7369.264
Frame 18,M,,6835.574,,-414.037,-67.028,-6822.694
Frame 18,M,,5098.987,,-1260.399,-324.583,-4930.082
Frame 18,M,,5951.168,,-1921.361,-923.356,-5556.275
Frame 18,M,,6010.794,,-1736.511,-90.317,-5753.782
Frame 18,M,,6612.456,,-2635.079,-277.547,-6058.375
Frame 18,M,,7381.362,,-2892.679,471.827,-6774.532
Frame 16,G,,7169.169,,1937.626,1251.629,-6787.932
Frame 16,G,,6881.897,,1879.033,1389.461,-6472.954
Frame 16,G,,7360.599,,2115.2,1048.688,-6971.7
Frame 16,G,,6115.66,,1922.174,428.409,-5789.906
Frame 16,G,,5520.424,,1314.609,382.821,-5347.928
Frame 16,G,,5589.552,,1258.177,837.074,-5381.393
Frame 16,G,,5991.015,,1497.705,-118.507,-5799.577
Frame 16,G,,6868.984,,1637.745,-538.665,-6649.103
Frame 16,G,,5791.479,,896.465,219.208,-5717.476
Frame 16,G,,6315.43,,1154.583,-235.074,-6204.542
Frame 16,G,,6764.168,,1074.959,-506.22,-6658.992
Frame 16,G,,6582.902,,604.608,-313.012,-6547.601
Frame 16,G,,8816.468,,2398.42,-1622.832,-8327.311
Frame 16,G,,8478.298,,1459.349,-1646.104,-8187.929
Frame 16,G,,5746.047,,561.668,534.174,-5693.526
Frame 16,G,,5803.922,,342.849,477.529,-5774.074
Frame 16,G,,5842.583,,435.434,966.082,-5745.682
Frame 16,G,,5863.138,,-38.626,952.706,-5785.088
Frame 16,G,,7767.064,,-299.191,1621.151,-7590.101
Frame 16,G,,5993.774,,-192.218,747.043,-5943.93
Frame 16,G,,6290.796,,-205.46,510.912,-6266.647
Frame 16,G,,7288.013,,-177.285,35.357,-7285.771
Frame 16,G,,7703.64,,-426.412,-343.85,-7684.14
Frame 16,G,,8634.767,,-1160.308,152.437,-8555.095
Frame 16,G,,8388.944,,-1145.669,577.51,-8290.253
Frame 16,G,,8165.277,,-264.455,-1079.638,-8089.264
Frame 16,G,,8568.32,,895.392,-1172.007,-8440.425
Frame 16,G,,7964.921,,-49.732,-1377.24,-7844.788
Frame 16,G,,8433.204,,-1047.351,-1473.534,-8237.153
Frame 16,G,,9019.31,,-2256.989,-1080.572,-8665.236
Frame 16,G,,8457.547,,-1798.857,68.633,-8263.747
Frame 16,G,,9288.546,,-2310.59,520.108,-8981.522
Frame 16,G,,7489.673,,-671.873,1600.209,-7285.817
Frame 16,G,,8055.25,,-1202.848,-506.015,-7948.846
Frame 16,G,,7925.487,,-1332.957,1651.494,-7636.042
Frame 16,G,,7836.009,,61.556,-387.192,-7826.195
Frame 16,G,,5888.014,,401.444,170.243,-5871.845
Frame 16,M,,4266.081,,1203.222,13.761,-4092.861
Frame 16,M,,4805.868,,762.789,-602.385,-4706.554
Frame 16,M,,3826.596,,416.946,-794.655,-3719.881
Frame 16,M,,6784.834,,-259.037,-1328.571,-6648.442
Frame 16,M,,4006.736,,612.917,416.894,-3937.571
Frame 16,M,,3891.086,,-366.694,-336.378,-3859.136
Frame 16,M,,5032.63,,-445.51,859.136,-4938.701
Frame 16,M,,4750.66,,-1838.534,-449.547,-4357.346
Frame 4,G,,6415.424,,1847.866,1153.304,-6034.314
Frame 4,G,,5573.588,,1497.874,857.574,-5299.606
Frame 4,G,,5505.883,,1375.626,524.858,-5305.368
Frame 4,G,,5810.859,,1239.101,248.492,-5671.769
Frame 4,G,,5622.221,,1713.49,533.765,-5328.079
Frame 4,G,,5613.27,,1805.244,495.199,-5291.944
Frame 4,G,,5940.079,,1569.054,1071.25,-5628.058
Frame 4,G,,5565.247,,1391.359,856.889,-5319.947
Frame 4,G,,5558.54,,1389.523,774.629,-5326.025
Frame 4,G,,5727.666,,1511.912,213.353,-5520.394
Frame 4,G,,6095.77,,1842.482,-140.773,-5808.946
Frame 4,G,,5905.872,,1703.045,80.288,-5654.425
Frame 4,G,,5709.982,,1365.452,111.447,-5543.196
Frame 4,G,,6263.942,,1873.035,-300.327,-5969.801
Frame 4,G,,6321.295,,1650.559,-370.849,-6090.722
Frame 4,G,,6123.688,,1291.462,-195.435,-5982.766
Frame 4,G,,6294.281,,734.323,27.085,-6251.241
Frame 4,G,,6689.775,,1716.984,-631.299,-6434.79
Frame 4,G,,6846.596,,1484.135,-634.076,-6653.658
Frame 4,G,,6973.315,,1097.808,-468.779,-6870.385
Frame 4,G,,6803.284,,1223.648,-540.453,-6670.477
Frame 4,G,,6769.906,,961.329,-305.026,-6694.359
Frame 4,G,,8081.222,,594.743,-736.662,-8025.569
Frame 4,G,,7832.707,,663.099,-513.59,-7787.672
Frame 4,G,,7887.488,,307.915,275.645,-7876.654
Frame 4,G,,5821.995,,664.549,485.033,-5763.57
Frame 4,G,,5674.803,,996.374,687.132,-5544.229
Frame 4,G,,6057.189,,984.967,1024.813,-5888.051
Frame 4,G,,6101.273,,522.081,1133.026,-5972.371
Frame 4,G,,5807.892,,827.234,680.925,-5708.208
Frame 4,G,,5793.873,,1044.212,116.61,-5697.805
Frame 4,G,,5840.439,,1207.34,1215.265,-5583.564
Frame 4,G,,7427.789,,2123.909,1562.745,-6943.982
Frame 4,G,,7398.333,,1987.315,1500.62,-6966.639
Frame 4,G,,8029.274,,431.938,1821.192,-7808.069
Frame 4,G,,7940.577,,395.902,1634.989,-7760.338
Frame 4,G,,7689.82,,337.216,1416.102,-7550.779
Frame 4,G,,8657.308,,-777.263,1900.962,-8410.183
Frame 4,G,,8128.89,,-844.317,1431.257,-7957.229
Frame 4,G,,8109.478,,-459.039,1192.468,-8008.179
Frame 4,G,,6295.242,,327.185,489.082,-6267.68
Frame 4,G,,7800.918,,296.009,-503.124,-7779.047
Frame 4,G,,7766.85,,153.634,89.265,-7764.817
Frame 4,G,,8236.448,,690.456,-1373.001,-8091.799
Frame 4,G,,8809.804,,1272.935,-1273.199,-8623.877
Frame 4,G,,7840.948,,161.065,-1024.922,-7772.005
Frame 4,G,,7621.557,,270.155,-1294.968,-7505.878
Frame 4,G,,7713.424,,-258.404,-1284.369,-7601.351
Frame 4,G,,7808.439,,-138.544,-1014.905,-7740.962
Frame 4,G,,7859.074,,72.667,-530.962,-7840.78
Frame 4,G,,7752.642,,58.395,-396.581,-7742.272
Frame 4,G,,7444.193,,265.616,-251.264,-7435.208
Frame 4,G,,7960.952,,-560.162,248.031,-7937.346
Frame 4,G,,8800.86,,-1485.141,311.204,-8669.063
Frame 4,G,,8277.055,,-646.289,-661.965,-8225.191
Frame 4,G,,8340.076,,-1154.149,-610.91,-8237.208
Frame 4,G,,9127.897,,-1638.592,-1150.802,-8905.569
Frame 4,G,,10499.206,,-2257.554,-65.546,-10253.413
Frame 4,G,,8067.027,,-767.01,-127.278,-8029.472
Frame 4,G,,8984.593,,-1452.601,983.847,-8811.634
Frame 4,G,,7771.615,,-123.708,524.302,-7752.922
Frame 4,G,,8757.296,,-480.593,-1811.382,-8554.424
Frame 4,G,,8984.703,,-1084.708,-1415.876,-8805.884
Frame 4,G,,11498.675,,-3444.043,-1735.077,-10832.71
Frame 4,G,,10285.456,,-2589.937,-550.365,-9938.809
Frame 4,G,,8108.754,,1589.225,-1654.811,-7777.394
Frame 4,G,,8225.648,,-432.55,-815.111,-8173.725
Frame 4,G,,7726.974,,-298.34,79.514,-7720.803
Frame 4,G,,8568.451,,-1460.794,1381.149,-8329.278
Frame 4,G,,9649.91,,-1832.26,-442.479,-9464.027
Frame 4,G,,10965.066,,-2701.356,-1375.176,-10537.753
Frame 4,G,,8508.553,,1093.462,-1730.445,-8258.655
Frame 4,G,,8044.224,,466.189,-1595.391,-7870.637
Frame 4,G,,8607.429,,678.442,-1915.173,-8364.19
Frame 4,G,,9163.438,,93.274,-1921.287,-8959.272
Frame 4,G,,8847.158,,-712.261,-1998.394,-8589.023
Frame 4,G,,10202.048,,-1864.929,-2189.818,-9788.183
Frame 4,G,,10274.11,,-1724.331,-1955.388,-9937.831
Frame 4,G,,12155.486,,-3229.699,-2527.241,-11442.811
Frame 4,G,,10589.684,,-3017.951,-1013.275,-10099.834
Frame 4,G,,7942.788,,117.947,1062.816,-7870.476
Frame 4,G,,7277.229,,1552.655,-1195.346,-7008.458
Frame 4,G,,8707.331,,2292.883,-1666.162,-8233.116
Frame 4,M,,4197.652,,1424.298,-317.141,-3935.87
Frame 4,M,,4613.313,,676.65,-593.589,-4524.65
Frame 4,M,,3991.671,,685.392,202.492,-3927.171
Frame 4,M,,4770.526,,-304.988,501.047,-4734.327
Frame 4,M,,3731.128,,-395.416,14.913,-3710.086
Frame 4,M,,6911.369,,-725.3,-1356.872,-6737.942
Frame 4,M,,6525.449,,-472.955,1288.406,-6379.483
Frame 4,M,,4347.739,,-1821.481,-371.982,-3930.225
Frame 4,M,,4483.795,,-1827.076,357.16,-4079.05
Frame 4,F,,4578.461,,1178.687,536.663,-4391.468
Frame 4,F,,4892.406,,1133.024,525.825,-4730.264
Frame 4,F,,4747.964,,802.424,741,-4620.627
Frame 4,F,,5386.562,,1156.084,398.481,-5245.925
Frame 4,F,,4999.496,,801.536,276.858,-4927.052
Frame 4,F,,4783.037,,1409.694,-50.362,-4570.303
Frame 4,F,,5434.656,,1294.453,-119.329,-5276.897
Frame 4,F,,4831.35,,1040.459,-60.876,-4717.593
Frame 4,F,,5316.743,,1110.024,-365.515,-5186.714
Frame 4,F,,4637.746,,418.364,146.66,-4616.508
Frame 4,F,,4052.952,,115.501,20.783,-4051.253
Frame 4,F,,6278.663,,590.115,830.844,-6195.407
Frame 4,F,,4186.637,,346.403,599.075,-4129.049
Frame 4,F,,4876.214,,375.394,582.472,-4826.724
Frame 4,F,,6380.252,,253.366,1084.821,-6282.244
Frame 4,F,,5058.388,,92.737,732.336,-5004.235
Frame 4,F,,5504.822,,-6.862,1297.459,-5349.731
Frame 4,F,,4676.394,,-309.05,988.837,-4560.191
Frame 4,F,,5428.973,,-278.131,1031.929,-5322.735
Frame 4,F,,4735.011,,-100.116,-108.491,-4732.709
Frame 4,F,,4327.233,,-99.708,-166.887,-4322.863
Frame 4,F,,3756.408,,-333.78,19.695,-3741.498
Frame 4,F,,5915.907,,-1182.175,335.785,-5786.853
Frame 4,F,,5726.292,,-1683.889,666.989,-5432.317
Frame 4,F,,5094.947,,-2027.113,394.037,-4657.686
Frame 4,F,,4093.588,,-1696.989,-703.83,-3658.184
Frame 5,M,,4534.147,,716.124,660.07,-4428.314
Frame 5,M,,4652.853,,-188.418,762.985,-4585.999
Frame 5,M,,6497.66,,-1122.373,836.804,-6345.047
Frame 5,M,,5189.129,,-1894.64,585.756,-4795.236
Frame 5,M,,5300.843,,-2085.214,-598.473,-4836.595
Frame 5,M,,4665.801,,-1104.688,-625.825,-4489.733
Frame 5,M,,4739.029,,-236.325,-68.742,-4732.633
Frame 5,M,,3211.946,,-26.079,-270.3,-3200.446
Frame 5,M,,4562.22,,454.413,-875.157,-4454.375
Frame 5,M,,5737.099,,164.22,78.591,-5734.21
Frame 5,F,,3848.404,,856.773,893.355,-3643.909
Frame 5,F,,5241.09,,1563.554,778.363,-4941.505
Frame 5,F,,4988.654,,1067.963,593.748,-4836.692
Frame 5,F,,5086.918,,1432.229,229.809,-4875.72
Frame 5,F,,5037.485,,1131.032,252.06,-4902.397
Frame 5,F,,4877.6,,882.154,154.317,-4794.681
Frame 5,F,,4593.687,,313.93,812.613,-4510.329
Frame 5,F,,3442.304,,459.266,743.187,-3329.595
Frame 5,F,,3775.969,,-397.249,647.738,-3698.726
Frame 5,F,,6305.02,,568.658,605.569,-6250.056
Frame 5,F,,4030.305,,110.577,305.945,-4017.154
Frame 5,F,,4865.792,,303.055,140.497,-4854.312
Frame 5,F,,5422.432,,372.922,-175.801,-5406.736
Frame 5,F,,5095.712,,-116.965,83.967,-5093.678
Frame 5,F,,5338.937,,-331.173,245.153,-5323.013
Frame 5,F,,6857.212,,-434.901,444.929,-6828.928
Frame 5,F,,5239.141,,-576.296,-121.966,-5205.921
Frame 5,F,,5200.015,,-597.668,333.405,-5154.783
Frame 5,F,,7223.732,,-912.85,1462.931,-7014.901
Frame 5,F,,7160.592,,-1078.32,1165.121,-6982.391
Frame 5,F,,5558.222,,-1544.193,454.802,-5320.005
Frame 5,F,,6444.821,,-2387.251,1097.361,-5884.943
Frame 5,F,,5570.794,,-2168.001,446.841,-5112.128
Frame 5,F,,5995.074,,-2170.976,83.966,-5587.551
Frame 5,F,,3966.028,,25.036,-408.544,-3944.85
Frame 5,F,,4581.12,,517.915,-690.648,-4499.048
Frame 5,F,,5565.116,,-136.393,-945.893,-5482.445
Frame 5,F,,2706.309,,-1050.23,-430.67,-2456.756
Frame 5,F,,6463.231,,-2029.547,-579.436,-6108.89
Frame 6,M,,6016.697,,1447.461,-620.937,-5806.888
Frame 6,M,,4105.518,,1106.094,-572.458,-3912.049
Frame 6,M,,4906.54,,581.348,-89.582,-4871.155
Frame 6,M,,4076.776,,811.361,858.665,-3901.857
Frame 6,M,,3807.468,,56.139,6.887,-3807.048
Frame 6,M,,6233.373,,-718.801,919.064,-6123.201
Frame 6,M,,7248.351,,-1767.579,-515.834,-7010.576
Frame 6,M,,4220.758,,-1254.982,-311.286,-4017.825
Frame 6,M,,5035.339,,-1740.085,207.957,-4720.54
Frame 6,M,,4795.431,,-642.552,-843.659,-4676.7
Frame 7,M,,4046.185,,-1652.877,-293.485,-3681.505
Frame 7,M,,4705.175,,1423.369,-502.033,-4456.53
Frame 7,M,,5429.658,,1356.101,-622.442,-5220.608
Frame 7,M,,6596.512,,1439.53,-372.008,-6426.767
Frame 7,M,,5767.946,,874.894,-36.341,-5701.091
Frame 7,M,,5025.059,,174.244,-678.879,-4975.94
Frame 7,M,,6355.605,,49.551,-442.833,-6339.965
Frame 7,M,,5822.202,,-952.514,-232.455,-5739.052
Frame 7,M,,4818.73,,-891.318,-602.849,-4697.051
Frame 7,M,,5440.163,,-1535.299,-513.472,-5193.705
Frame 7,M,,7142.059,,1871.729,428.203,-6879.119
Frame 7,M,,7554.916,,-20.413,157.811,-7553.24
Frame 8,M,,3998.136,,1264.273,317.188,-3779.696
Frame 8,M,,6000.898,,1430.924,896.648,-5758.407
Frame 8,M,,4867.908,,656.476,955.476,-4727.857
Frame 8,M,,5437.074,,790.561,701.408,-5333.368
Frame 8,M,,4209.398,,269.362,274.866,-4191.768
Frame 8,M,,7007.502,,122.378,639.524,-6977.186
Frame 8,M,,6005.732,,-473.113,184.91,-5984.212
Frame 8,M,,7097.305,,-1418.746,814.248,-6906.222
Frame 8,M,,4494.689,,-1062.269,39.978,-4367.174
Frame 8,M,,5051.963,,-2068.037,278.219,-4600.885
Frame 8,M,,5647.079,,-1880.202,-158.228,-5322.529
Frame 8,M,,7270.108,,-1450.385,-537.74,-7103.639
Frame 8,M,,3489.386,,78.863,-666.174,-3424.297
Frame 8,M,,4007.415,,-1478.197,-700.39,-3658.382
Frame 9,M,,2125.982,,598.355,-449.317,-1989.946
Frame 9,M,,3798.859,,862.126,815.794,-3608.676
Frame 9,M,,7232.238,,738.373,1692.689,-6992.487
Frame 9,M,,3321.408,,-107.417,171.571,-3315.234
Frame 9,M,,2111.706,,139.606,40.009,-2106.707
Frame 9,M,,3151.461,,-824.714,-0.916,-3041.636
Frame 9,M,,3897.373,,-890.541,-484.211,-3763.242
Frame 9,M,,6141.886,,-2008.76,-444.255,-5787.079
Frame 9,M,,5083.914,,-321.685,708.245,-5024.051
Frame 10,M,,3158.545,,1060.651,-271.577,-2962.713
Frame 10,M,,4308.428,,386.51,-101.176,-4289.864
Frame 10,M,,3909.79,,420.775,205.925,-3881.624
Frame 10,M,,6583.408,,1182.377,1466.733,-6308.086
Frame 10,M,,4611.744,,-356.973,876.507,-4513.589
Frame 10,M,,3391.785,,-109.427,411.246,-3364.982
Frame 10,M,,4711.783,,-989.644,790.593,-4538.333
Frame 10,M,,5238.721,,-1885.499,955.763,-4793.288
Frame 10,M,,3386.803,,-1417.473,196.57,-3069.619
Frame 10,M,,4146.143,,-1777.937,407.794,-3723.325
Frame 10,M,,3967.912,,-815.778,-277.049,-3873.251
Frame 10,M,,4746.627,,-1516.723,-706.399,-4441.961
Frame 10,M,,2941.421,,123.245,-689.016,-2856.926
Frame 11,F,,3916.199,,1194.653,-584.112,-3683.508
Frame 11,F,,4580.227,,1368.406,-841.576,-4289.254
Frame 11,F,,3050.365,,558.48,-561.325,-2945.801
Frame 11,F,,2735.268,,457.122,-527.292,-2644.748
Frame 11,F,,3978.485,,806.312,-675.237,-3836.959
Frame 11,F,,3002.149,,351.093,-369.312,-2958.587
Frame 11,F,,4157.283,,771.458,-183.621,-4080.948
Frame 11,F,,4628.75,,1541.653,-29.677,-4364.373
Frame 11,F,,4580.243,,1220.914,154.321,-4411.822
Frame 11,F,,4411.74,,802.38,273.021,-4329.561
Frame 11,F,,4098.25,,617.461,515.517,-4018.536
Frame 11,F,,5017.515,,821.32,764.714,-4890.409
Frame 11,F,,4857.155,,1017.99,1105.628,-4618.792
Frame 11,F,,5108.77,,330.075,830.979,-5029.917
Frame 11,F,,4669.367,,144.913,476.78,-4642.701
Frame 11,F,,3976.649,,85.335,31.957,-3975.605
Frame 11,F,,4127.376,,-26.602,-228.888,-4120.939
Frame 11,F,,3984.317,,-327.872,-661.431,-3915.328
Frame 11,F,,3920.189,,-274.883,-922.157,-3800.257
Frame 11,F,,4073.383,,-506.246,-583.716,-3999.43
Frame 11,F,,3615.621,,-882.435,-822.098,-3408.545
Frame 11,F,,4856.486,,-1158.996,-792.83,-4649.044
Frame 11,F,,4840.871,,-1188.725,-570.394,-4657.856
Frame 11,F,,4021.507,,-954.274,-436.223,-3882.215
Frame 11,F,,3901.042,,-389.242,-205.008,-3876.157
Frame 11,F,,4466.072,,-626.742,-139.089,-4419.689
Frame 11,F,,3714.305,,-659.373,-79.766,-3654.439
Frame 11,F,,4760.436,,-1097.026,-141.838,-4630.137
Frame 11,F,,5557.193,,-1454.133,-59.235,-5363.244
Frame 11,F,,5375.436,,-2050.113,-177.593,-4965.965
Frame 11,F,,5386.999,,-1851.38,-929.465,-4972.75
Frame 11,F,,6034.482,,-1706.139,-611.825,-5755.843
Frame 11,F,,5291.152,,-1109.917,120.221,-5172.032
Frame 11,F,,5369.129,,-1012.079,332.908,-5262.359
Frame 11,F,,5232.812,,-327.368,697.745,-5175.742
Frame 11,F,,6306.723,,-397.858,1347.003,-6148.337
Frame 11,F,,4776.573,,-577.811,719.984,-4686.513
Frame 11,F,,4943.356,,-631.872,468.885,-4880.334
Frame 11,F,,5251.51,,-827.146,620.241,-5148.737
Frame 11,F,,5251.969,,-995.932,573.711,-5124.662
Frame 11,F,,6077.747,,-1709.45,649.587,-5796.104
Frame 11,F,,7551.12,,-2588.554,847.262,-7042.794
Frame 12,F,,4927.169,,1526.76,-684.16,-4634.428
Frame 12,F,,4076.37,,1285.688,-443.923,-3842.751
Frame 12,F,,3086.447,,508.427,-422.789,-3014.782
Frame 12,F,,4309.356,,859.758,-300.772,-4211.995
Frame 12,F,,2949.147,,441.428,-259.024,-2904.396
Frame 12,F,,3130.588,,127.248,-683.039,-3052.515
Frame 12,F,,2761.544,,273.883,-424.471,-2714.947
Frame 12,F,,4039.094,,-635.713,-633.283,-3938.159
Frame 12,F,,4616.787,,1385.061,354.487,-4389.837
Frame 12,F,,4362.024,,939.857,206.642,-4254.553
Frame 12,F,,4616.003,,1000.607,472.324,-4481.426
Frame 12,F,,4167.752,,711.078,919.814,-4002.307
Frame 12,F,,5091.509,,601.487,1162.565,-4920.378
Frame 12,F,,4668.323,,716.602,819.761,-4539.572
Frame 12,F,,4994.793,,198.062,916.772,-4905.941
Frame 12,F,,4258.45,,185.546,528.662,-4221.432
Frame 12,F,,4298.421,,38.307,133.47,-4296.177
Frame 12,F,,4372.911,,-533.717,-185.808,-4336.24
Frame 12,F,,4060.682,,-424.594,-9.353,-4038.412
Frame 12,F,,3849.901,,-333.76,125.588,-3833.349
Frame 12,F,,4562.698,,-562.388,396.456,-4510.516
Frame 12,F,,4656.826,,-547.189,115.371,-4623.126
Frame 12,F,,3505.425,,-593.255,209.469,-3448.503
Frame 12,F,,3953.026,,-842.564,54.593,-3861.803
Frame 12,F,,5145.377,,-1094.681,-24.909,-5027.52
Frame 12,F,,3676.327,,-909.235,56.148,-3561.674
Frame 12,F,,5486.753,,-1464.05,483.803,-5265.639
Frame 12,F,,5493.901,,-1220.365,800.996,-5296.419
Frame 12,F,,5164.79,,-627.432,1081.055,-5011.258
Frame 12,F,,5387.989,,-943.929,1021.521,-5205.374
Frame 12,F,,6626.459,,-1320.476,1425.24,-6335.218
Frame 12,F,,9099.444,,-2316.821,176.059,-8797.797
Frame 12,F,,5255.588,,-1665.503,255.412,-4978.16
Frame 12,F,,5450.239,,-2152.648,280.257,-4999.267
Frame 12,F,,4699.677,,-1982.758,-125.255,-4259.102
Frame 12,F,,5432.032,,-2142.661,-480.911,-4968.37
Frame 12,F,,3790.72,,-959.061,-311.592,-3654.13
Frame 12,F,,4412.812,,-1517.506,-705.146,-4083.24
Frame 12,F,,4747.58,,-1733.06,-787.496,-4349.238
Frame 12,F,,3667.509,,-1428.47,-829.226,-3274.519
Frame 13,M,,3861.793,,933.273,-20.146,-3747.271
Frame 13,M,,3911.283,,256.632,-521.553,-3867.849
Frame 13,M,,3542.2,,-997.181,649.798,-3336.252
Frame 13,M,,5191.97,,-2024.449,355.29,-4767.801
Frame 13,M,,4003.085,,-1728.332,-43.607,-3610.492
Frame 13,M,,3979.796,,-1727.521,88.511,-3584.217
Frame 13,M,,4154.377,,-1168.125,-310.056,-3974.695
Frame 13,M,,4126.808,,-335.209,-977.95,-3995.221
Frame 13,M,,4309.677,,-479.895,-1009.988,-4162.083
Frame 13,F,,4441.748,,924.423,731.544,-4282.454
Frame 13,F,,4438.354,,1121.358,317.299,-4282.623
Frame 13,F,,4337.075,,691.644,337.575,-4268.242
Frame 13,F,,3325.483,,411.331,195.096,-3294.174
Frame 13,F,,4359.3,,616.038,38.044,-4315.385
Frame 13,F,,3391.51,,517.667,-169.235,-3347.495
Frame 13,F,,3461.659,,521.424,-220.954,-3415.022
Frame 13,F,,3687.103,,971.408,-534.37,-3516.468
Frame 13,F,,2925.699,,317.004,-636.962,-2837.869
Frame 13,F,,3514.834,,139.949,-176.349,-3507.617
Frame 13,F,,4296.829,,29.574,383.525,-4279.577
Frame 13,F,,3386.923,,-52.005,223.921,-3379.113
Frame 13,F,,4482.895,,-122.76,210.68,-4476.258
Frame 13,F,,3635.403,,-310.916,163.143,-3618.407
Frame 13,F,,3165.164,,-464.978,-24.397,-3130.729
Frame 13,F,,4190.086,,-305.015,443.845,-4155.332
Frame 13,F,,4115.66,,63.183,681.802,-4058.302
Frame 13,F,,4754.095,,-59.649,952.499,-4657.317
Frame 13,F,,4572.712,,-538.409,665.718,-4491.841
Frame 13,F,,4949.446,,-693.459,979.906,-4801.657
Frame 13,F,,5006.19,,-968.764,1011.303,-4806.319
Frame 13,F,,5409.759,,-1400.034,1205.755,-5084.442
Frame 13,F,,5842.204,,-1875.82,1236.467,-5392.939
Frame 13,F,,5388.057,,-1794.574,1134.773,-4952.065
Frame 13,F,,3971.106,,-717.535,379.873,-3887.225
Frame 13,F,,4156.909,,-1343.713,479.006,-3904.47
Frame 13,F,,4924.765,,-1491.778,369.689,-4678.808
Frame 13,F,,4694.389,,-1292.943,26.566,-4512.746
Frame 13,F,,4748.972,,-1490.12,61.383,-4508.715
Frame 13,F,,5136.196,,-1287.754,-787.548,-4909.375
Frame 13,G,,6865.189,,-2554.02,1299.418,-6238.534
Frame 13,G,,6375.485,,-2469.511,1013.437,-5789.756
Frame 13,G,,6268.423,,-2453.883,799.537,-5712.471
Frame 13,G,,6378.635,,-2326.637,675.258,-5900.659
Frame 13,G,,6691.751,,-2346.227,954.879,-6193.784
Frame 13,G,,6733.764,,-2149.147,889.177,-6319.344
Frame 13,G,,6715.611,,-2188.293,689.608,-6311.517
Frame 13,G,,6539.838,,-2344.534,283.605,-6098.542
Frame 13,G,,6465.572,,-2328.931,185.498,-6028.706
Frame 13,G,,6840.875,,-2669.134,104.544,-6297.806
Frame 13,G,,6583.854,,-2475.538,127.919,-6099.384
Frame 13,G,,6731.683,,-2322.542,-15.47,-6318.316
Frame 13,G,,6455.738,,-2271.424,-168.219,-6040.603
Frame 13,G,,5684.105,,-2170.262,-233.98,-5248.263
Frame 13,G,,5129.985,,-1914.942,-462.102,-4736.688
Frame 13,G,,5005.296,,-2018.471,-553.421,-4546.7
Frame 13,G,,5097.089,,-2020.71,-699.309,-4626.88
Frame 13,G,,5147.382,,-2024.637,-919.264,-4642.342
Frame 13,G,,5224.741,,-2018.799,-1109.297,-4689.544
Frame 13,G,,5171.344,,-1802.092,-978.808,-4747.336
Frame 13,G,,5074.287,,-1763.435,-672.6,-4710.233
Frame 13,G,,5152.226,,-1461.252,-914.52,-4855.289
Frame 13,G,,5044.11,,-1486.545,-746.704,-4761.897
Frame 13,G,,5024.107,,-1478.285,-601.795,-4763.84
Frame 13,G,,5026.832,,-1517.656,-492.332,-4766.904
Frame 13,G,,4985.558,,-1530.619,-318.026,-4734.116
Frame 13,G,,6116.898,,-1716.119,-170.506,-5868.756
Frame 13,G,,6105.209,,-1791.941,-66.438,-5835.933
Frame 13,G,,6323.264,,-1951.338,226.937,-6010.361
Frame 13,G,,5138.195,,-1190.004,-1027.51,-4891.745
Frame 13,G,,5163.787,,-1177.075,-892.68,-4947.96
Frame 13,G,,4984.583,,-863.312,-1076.477,-4789.776
Frame 13,G,,5043.965,,-774.778,-873.241,-4907.011
Frame 13,G,,4855.665,,-622.206,-1061.601,-4697.163
Frame 13,G,,5031.739,,-433.315,-810.55,-4947.085
Frame 13,G,,5122.064,,-1472.211,-1113.326,-4777.933
Frame 13,G,,5538.504,,-1266.286,-756.724,-5338.437
Frame 13,G,,5510.139,,-1241.449,-549.497,-5340.27
Frame 13,G,,5556.092,,-1218.36,-404.417,-5405.756
Frame 13,G,,5341.587,,-1137.141,74.521,-5218.611
Frame 13,G,,6041.717,,-1607.395,457.581,-5805.966
Frame 13,G,,5672.373,,-1275.12,579.33,-5496.75
Frame 13,G,,4925.505,,-880.113,-124.783,-4844.629
Frame 13,G,,4773.413,,-760.811,-434.031,-4692.362
Frame 13,G,,4858.635,,-702.305,-586.41,-4771.711
Frame 13,G,,5087.412,,-854.182,-726.194,-4962.336
Frame 13,G,,4973.558,,-376.549,-1094.108,-4837.087
Frame 13,G,,4802.322,,48.463,-1112.258,-4671.491
Frame 13,G,,4843.942,,-55.51,-937.631,-4752.004
Frame 13,G,,4916.491,,-56.54,-691.796,-4867.248
Frame 13,G,,4838.855,,-133.368,-493.412,-4811.785
Frame 13,G,,4747.849,,-387.507,-487.134,-4706.868
Frame 13,G,,4836.337,,-474.174,-275.964,-4805.118
Frame 13,G,,4819.745,,-108.358,-371.674,-4804.171
Frame 13,G,,4847.48,,-127.096,-249.753,-4839.373
Frame 13,G,,4970.585,,-189.468,-125.282,-4965.392
Frame 13,G,,5131.742,,-456.112,69.983,-5110.953
Frame 13,G,,5223.573,,-771.143,236.771,-5160.91
Frame 13,G,,5016.438,,-806.795,117.739,-4949.735
Frame 13,G,,5233.675,,-696.313,355.062,-5174.981
Frame 13,G,,5167.753,,-451.183,354.57,-5135.794
Frame 13,G,,5182.417,,-249.293,445.869,-5157.179
Frame 13,G,,5555.184,,-1108.17,743.402,-5392.53
Frame 13,G,,5652.508,,-1167.17,919.494,-5453.723
Frame 13,G,,5392.674,,-739.074,946.925,-5257.189
Frame 13,G,,5362.154,,-611.806,858.049,-5257.579
Frame 13,G,,5410.913,,-614.868,568.997,-5345.667
Frame 13,G,,5392.517,,-916.735,595.759,-5280.522
Frame 13,G,,5219.467,,-1609.291,-1198.029,-4818.479
Frame 13,G,,5509.489,,-487.41,1112.013,-5374.042
Frame 13,G,,5291.577,,-170.236,696.919,-5242.719
Frame 13,G,,5311.634,,255.407,644.795,-5266.162
Frame 13,G,,5138.29,,-17.182,141.696,-5136.307
Frame 13,G,,5176.353,,176.969,28.954,-5173.246
Frame 13,G,,5010.268,,126.572,-227.13,-5003.517
Frame 13,G,,5478.521,,-211.379,1106.571,-5361.438
Frame 13,G,,5537.272,,83.565,1206.721,-5403.538
Frame 13,G,,5287.166,,92.241,809.271,-5224.05
Frame 13,G,,5659.593,,331.457,1073.438,-5546.969
Frame 13,G,,5870.281,,611.496,714.487,-5794.461
Frame 13,G,,4954.834,,300.53,246.703,-4939.555
Frame 13,G,,4968.787,,471.498,161.493,-4943.729
Frame 13,G,,4750.922,,494.405,-71.964,-4724.578
Frame 13,G,,5121.255,,610.358,375.804,-5070.847
Frame 13,G,,4778.941,,492.115,-356.687,-4740.134
Frame 13,G,,4979.032,,731.271,-707.411,-4873.969
Frame 13,G,,4944.097,,431.088,-950.493,-4832.683
Frame 13,G,,5101.834,,485.295,-1104.479,-4957.149
Frame 13,G,,5084.554,,718.278,-972.302,-4938.764
Frame 13,G,,5534.967,,1017.968,-1134.802,-5320.885
Frame 13,G,,5660.572,,1335.443,-1159.703,-5377.151
Frame 13,G,,6007.618,,1586.452,-1107.61,-5687.516
Frame 13,G,,5390.123,,1168.299,-876.811,-5188.421
Frame 13,G,,5281.523,,1186.195,-670.152,-5102.776
Frame 13,G,,6021.687,,1674.786,-903.214,-5713.144
Frame 13,G,,6255.495,,1713.012,-1253.361,-5884.377
Frame 13,G,,5943.117,,1577.742,-527.103,-5705.571
Frame 13,G,,5677.359,,1531.59,-291.869,-5459.071
Frame 13,G,,5021.799,,870.944,-445.803,-4925.564
Frame 13,G,,5260.278,,1140.093,-148.347,-5133.099
Frame 13,G,,5464.14,,1338.542,-205.914,-5293.65
Frame 13,G,,5876.432,,1464.834,81.283,-5690.352
Frame 13,G,,5433.552,,1198.863,282.24,-5292.122
Frame 13,G,,5127.859,,749.598,547.806,-5043.109
Frame 13,G,,6098.784,,1542.268,377.988,-5888.438
Frame 13,G,,5818.756,,1449.453,556.973,-5607.744
Frame 13,G,,5797.778,,1426.933,963.75,-5536.179
Frame 13,G,,5587.035,,585.209,969.89,-5470.997
Frame 13,G,,5685.458,,1119.727,737.28,-5525.131
Frame 13,G,,5246.977,,1044.953,358.491,-5129.359
Frame 13,G,,5215.975,,1008.159,93.411,-5116.764
Frame 13,G,,5074.672,,753.423,132.862,-5016.672
Frame 13,G,,4966.651,,815.899,-129.542,-4897.463
Frame 13,G,,5307.705,,1188.194,-459.247,-5152.575
Frame 13,G,,5023.794,,-607.971,-49.517,-4986.625
Frame 13,G,,5721.902,,980.277,967.975,-5553.58
Frame 19,G,,5359.456,,1127.903,-1064.174,-5130.218
Frame 19,G,,5755.417,,1730.639,-873.541,-5419.1
Frame 19,G,,5818.458,,1799.949,-561.56,-5504.479
Frame 19,G,,5821.539,,1815.666,-270.126,-5524.554
Frame 19,G,,6052.227,,1883.44,112.356,-5750.608
Frame 19,G,,6810.483,,1800.123,684.664,-6532.494
Frame 19,G,,6866.591,,1553.811,1103.885,-6596.755
Frame 19,G,,6314.795,,1397.794,791.142,-6107.119
Frame 19,G,,5650.411,,1200.809,232.32,-5516.45
Frame 19,G,,5633.913,,1463.107,-240.925,-5435.279
Frame 19,G,,5901.469,,1256.335,-6.683,-5766.187
Frame 19,G,,5659.761,,1126.441,-497.783,-5524.151
Frame 19,G,,5748.706,,890.103,357.829,-5668.094
Frame 19,G,,5679.946,,753.979,630.91,-5594.216
Frame 19,G,,5947.461,,921.262,-222.922,-5871.446
Frame 19,G,,6118.471,,455.534,-999.478,-6019.072
Frame 19,G,,6465.04,,561.904,-580.866,-6414.328
Frame 19,G,,6766.614,,305.644,-498.38,-6741.31
Frame 19,G,,7219.866,,764.612,1118.286,-7091.634
Frame 19,G,,7129.05,,847.173,1473.47,-6923.478
Frame 19,G,,6337.821,,122.875,171.449,-6334.31
Frame 19,G,,6768.145,,138.267,637.984,-6736.59
Frame 19,G,,6764.468,,177.746,975.575,-6691.389
Frame 19,G,,7111.048,,52.246,1419.925,-6967.645
Frame 19,G,,6728.976,,-329.391,812.236,-6671.649
Frame 19,G,,7511.754,,-508.873,1290.071,-7382.629
Frame 19,G,,6707.101,,-591.855,511.487,-6661.328
Frame 19,G,,6321.615,,-75.225,-34.482,-6321.073
Frame 19,G,,6730.63,,-783.502,-137.113,-6683.465
Frame 19,G,,7262.476,,-1052.82,335.392,-7177.927
Frame 19,G,,6422.335,,-37.782,-1005.491,-6343.024
Frame 19,G,,6093.967,,-201.647,-1204.448,-5970.35
Frame 19,G,,6663.83,,-640.545,-935.177,-6566.717
Frame 19,G,,7305.101,,-1061.545,-1405.073,-7089.668
Frame 19,G,,6647.134,,-503.2,-470.548,-6611.336
Frame 19,G,,6715.347,,1864.508,949.04,-6381.13
Frame 19,G,,6584.782,,1801.373,298.908,-6326.537
Frame 19,G,,7335.463,,-1144.348,795.479,-7201.854
Frame 19,G,,5084.237,,318.167,-1048.492,-4964.766
Frame 19,M,,3573.162,,773.689,-739.689,-3409.069
Frame 19,M,,4456.077,,340.356,-24.328,-4442.994
Frame 19,M,,5720.349,,519.312,238.629,-5691.727
Frame 19,M,,3765.645,,-96.53,-428.239,-3739.97
Frame 19,M,,5525.355,,661.094,1259.18,-5339.191
Frame 19,M,,5819.203,,-330.433,152.345,-5807.816
Frame 19,M,,5160.912,,-767.433,-286.981,-5095.459
Frame 19,M,,4107.681,,-906.589,-243.528,-3998.979
Frame 19,M,,5097.272,,-998.974,441.586,-4978.879
Frame 19,M,,6717.539,,-1644.68,638.916,-6481.678
Frame 19,M,,5888.804,,-1927.273,744.301,-5514.494
Frame 19,M,,5220.86,,-1124.1,-1110.624,-4975.971
Frame 19,M,,4362.977,,-1829.205,-205.66,-3955.665
